ID;SIRET;Nom de l'établissement;Adresse de l'établissement;Complément d'adresse;Code postal;Commune;Type d'établissement;Téléphone;Adresse électronique;Spécialité culinaire;Horaires d'ouverture et de fermeture de l'établissement;Accueil des personnes à mobilité réduite;Site web de l'établissement;geo
31;83384648800017;L’Écailler du Château;3 rue Royale;;77300;Fontainebleau;Restaurant;160967321;lecaillerduchateau@gmail.com;Fruits de mer, poissons et viandes grillés;"10h á 15h (repas) 
10h á 18h (terrassse cafe-bar) 
En terrasse accueil des personnes à mobilité réduite";Oui;https://www.lecaillerduchateau.fr/;48.402514, 2.696397
44;84966542700019;Food Stop;2 bis rue Gambetta;;77300;Fontainebleau;Food Truck;782715870;info@foodstop.fr;Pomme de terre au four, wraps, bubble waffle, desserts orientales, smoothies, milk shake ....;10:00 - 22:00;Non;http://www.foodstop.fr/;48.411558, 2.7088
67;88166868500012;O’NAN;109 rue du Président Francois Mitterrand;;91160;Longjumeau;Gastronomique;950510746;abaidmalik@hotmail.fr;Restaurant rapid cuisine indien;12h à 22h;Oui;;48.694586, 2.294049
70;47967116600011;Le Christine;1 rue Christine;;75006;Paris;Gastronomique;140517164;contact@restaurantlechristine.com;Cuisine française modernisé entre la bistronomie et la gastronomie;"Lun-Ven : 12h00-14h30 // 18h30-23h00
Sam-Dim : 18h30-23h00";Oui;https://www.restaurantlechristine.com/;48.854312, 2.340345
83;84371851100028;Mylène & Marie Café Briocherie;142 Rue des Bourguignons;;92600;Asnières sur Seine;Coffee Shop;147981639;contact@myleneetmarie.com;"Salon de thé autour de la brioche, café de spécialité et petite restauration pour le déjeuner.
Brunch le samedi et dimanche";"Dimanche : 9h30-15h.
Fermeture du 1er au 25 Août 2020";Oui;https://www.myleneetmarie.com/;48.917072, 2.278144
50;80807696200014;Restaurant Tafraout;1 rue Pierre Brossolette;;95130;Le Plessis-Bouchard;Gastronomique;134158187;leplessisdesohane@gmail.com;Gastronomie Marocaine;12h à 14h30 et 19h à 22h30;Oui;https://www.tripadvisor.fr/Restaurant_Review-g8322886-d13421929-Reviews-Tafraout-Le_Plessis_Bouchard_Val_d_Oise_Ile_de_France.html;49.001183, 2.235807
9206;80774482600015;Bar restaurant le hashtag;34 Rue Henri Barbusse;;92110;Clichy;Non précisé;141068427;hashtag.clichy@gmail.com;;;Non précisé;https://fr-fr.facebook.com/LeHashtag.Clichy/;48.899422, 2.305073
9211;83404746600018;Cafe de la gare;3 Rue de Neuilly;;92110;Clichy;Non précisé;950640263;cafedelagare.clichy@gmail.com;;;Non précisé;https://cafe-de-la-gare-clichy.eatbu.com/?lang=fr;48.899044, 2.29631
9216;43515905800039;Chez pepone;45 Boulevard du Général Leclerc;;92110;Clichy;Non précisé;;lorinaldi75@gmail.com;;;Non précisé;https://pepone-traiteur.eatbu.com/?lang=fr;48.901848, 2.314407
9223;80046558500019;First cafe;102 bis Rue Martre;;92110;Clichy;Non précisé;147304090;3rucontact@gmail.com;;;Non précisé;https://fr-fr.facebook.com/FIRSTCAFE92/;48.904412, 2.305853
9285;87909999200023;Flavor;30 Rue Chance Milly;;92110;Clichy;Non précisé;147371077;benjaminseror@hotmail.com;;;Non précisé;https://www.facebook.com/flavoresto/;48.897369, 2.303419
9286;88461344900013;Yellow bird;32 Rue Castérès;;92110;Clichy;Non précisé;617689467;contact@yellowbird.fr;;;Non précisé;https://www.facebook.com/pages/category/Coffee-Shop/Yellowbird-105346961092405/;48.9010965, 2.301223
9004;88156052800013;L’amandier;46 rue de Châtillon;;92140;Clamart;Non précisé;146449022;;;;Non précisé;https://www.thefork.fr/restaurant/l-amandier-r287977;48.801715, 2.272221
9024;83897784100017;L'entr'amis;28 rue de Fontenelle;;78160;Marly-le-Roi;Non précisé;139166916;;;;Non précisé;https://lentramis.site-solocal.com/;48.871953, 2.09738
9028;82874214800012;La gourmandise de marly;Place de la Gare;;78160;Marly-le-Roi;Non précisé;682060766;epri@livre.fr;;;Non précisé;https://lagourmandisedemarly.eatbu.com/;48.871046, 2.096034
9111;32117917800025;Chez Thaï;4 rue de l'Eglise;;92200;Neuilly-sur-Seine;Non précisé;185152763;;;;Non précisé;https://www.restaurantchezthai.com/;48.8850496, 2.2632024
9113;79437292000015;Le Marly;54 avenue de Roule;;92200;Neuilly-sur-Seine;Non précisé;147454671;;;;Non précisé;http://lemarly.fr/;48.8827292, 2.2772198
9118;31596415500016;Piccolo Mondo;11 rue de Longchamp;;92200;Neuilly-sur-Seine;Non précisé;147452701;;;;Non précisé;https://www.piccolomondo.fr/;48.8842189, 2.2579095
9126;81493020200019;Gustave;1 place Parmentier;;92200;Neuilly-sur-Seine;Non précisé;146249401;;;;Non précisé;https://www.facebook.com/Gustave-Neuilly-officiel-814532078702509/;48.8804403, 2.2796161
88;84834755500015;Paradis;4 Rue des Frères Lumière;;94510;La Queue en Brie;Restaurant;663707101;r.paradys@yahoo.com;Spécialités russes;11h00 à 22h00;Oui;https://paradis-restaurant.eatbu.com/;48.780402, 2.57333
29;81781088000036;Le Vin Qui Danse;69 rue broca;;75013;Paris;Restaurant;143315277;gobelins@vqd.fr;Cuisine Française Moderne et Brunch le Dimanche;12 H à 15H;Oui;https://vqd.fr/;48.836928, 2.347006
61;48524195400018;Le Chablis;156 grande rue Charles de Gaulle;;94130;Nogent-sur-Marne;Restaurant;148710555;lechablis@gmail.com;Cuisine française;Ouvert de 9h à 1h du soir;Oui;https://www.lafourchette.com/restaurant/le-chablis-r511523;48.838212, 2.489385
18;42481346700018;Café Le Petit Pont;1 rue du Petit Pont;;75005;Paris;Restaurant;143542381;annelise@cafelepetitpont.com;Pizzas, Tapas, Fondue, Cocktail;De 6h à 3h;Non;https://www.lafourchette.com/restaurant/le-petit-pont-r3459;48.852668, 2.346724
14;44274729500034;Atelier Ramey;23 rue Ramey;;75018;Paris;Bistronomique;142510478;latelier.ramey@gmail.com;Cuisine française;7/7 déjeuners et dîners;Oui;http://www.atelier-ramey.com/;48.888327, 2.346721
43;44803474400012;Les Jardins de Montesson;29 boulevard de la République;;78360;Montesson;Restaurant;130715985;argomont.morais@gmail.com;Cuisine portugaise;de 12h à 17h;Oui;;48.906382, 2.143473
20;83768227700012;LE 23;23 boulevard Gutenberg;;93190;Livry-Gargan;Bistronomique;143010631;gastrobarle23@gmail.com;cuisine française, tapas, cocktails maison, fait maison, produit frais;dimanche 16H-00H;Oui;https://www.instagram.com/restaurant_le_23/;48.912946, 2.518105
77;87854447700010;Traiteur du Soleil;83 rue Jean Bart;;95240;Cormeilles en Parisis;Restaurant;130104442;contact@traiteurdusoleil.com;Cuisine du Liban;Du dimanche 21 juin au dimanche 23 août 2020, de 11h00 à 14h00;Oui;http://www.traiteurdusoleil.com/;48.964635, 2.19978
87;84462789300028;Yopougon Grill;10 bis avenue Descartes;;94450;Limeil-Brévannes;Restaurant;175484054;yopougongrill@gmail.com;Restaurant de spécialités africaines;De 11h30 à 15h  et de 18h30 à 23h;Oui;https://yopougon.eatbu.com/;48.741331, 2.478399
9002;80356665200027;La cuisine du terroir;15 rue Condorcet;;92140;Clamart;Non précisé;147362203;skibbis92@numericable.fr;;;Non précisé;https://cuisineduterroir.site-solocal.com/;48.81029, 2.267466
9006;79914580000014;Le Living;4 avenue René Samuel;;92140;Clamart;Non précisé;982213034;leliving@bbox.fr;;;Non précisé;https://www.facebook.com/lelivingclamart;48.800208, 2.262559
9010;79902550700010;Bistro Best;Place de la Gare;;78160;Marly-le-Roi;Non précisé;139163236;;;;Non précisé;http://www.bistrobest.fr/;48.87111, 2.096117
9019;37818331300022;Crêpes à l'affiche;16 Grande Rue;;78160;Marly-le-Roi;Non précisé;139581323;;;;Non précisé;;48.866679, 2.094734
9020;49150572300016;La Plantation;22 Grande Rue;;78160;Marly-le-Roi;Non précisé;139165650;restolaplantation@orange.fr;;;Non précisé;http://restolaplantation.fr/;48.866374, 2.095049
9032;49278339400439;Dominos pizza;3 rue Nelson Mandela;;95170;Deuil-la-Barre;Non précisé;130100505;;;;Non précisé;https://www.dominos.fr/magasin/deuil-la-barre_95170;48.961703, 2.325369
9033;53381425700010;Caffè Italia;108 Grande Rue Charles de Gaulle;;94130;Nogent-sur-Marne;Non précisé;148752907;;;;Non précisé;https://caffeitalia-italianrestaurant.business.site/;48.836849, 2.485414
9038;82098022500016;Le Crysam;5 rue Paul Bert;;94130;Nogent-sur-Marne;Non précisé;141950751;;;;Non précisé;https://www.crysam.fr/;48.837577, 2.484327
9041;47895337500019;La Taverne de Palerme;70b Rue des Héros Nogentais;;94130;Nogent-sur-Marne;Non précisé;148718376;;;;Non précisé;https://www.facebook.com/latavernedepalerme/;48.838618, 2.488613
9043;83930781600018;Giacomo;7bis Avenue de Joinville;;94130;Nogent-sur-Marne;Non précisé;148767903;;;;Non précisé;;48.834068, 2.472775
9218;80167030800023;Churrasqueria do povo;7 Rue Curton;;92110;Clichy;Non précisé;147561303;contact@churrasqueirodopovo.com;;;Non précisé;https://fr-fr.facebook.com/pages/category/Portuguese-Restaurant/Churrasqueira-do-Povo-699855916717508/;48.899308, 2.312176
9225;82164998500016;Hbro;100 Rue de Paris;;92110;Clichy;Non précisé;629122608;p.parrot@hbro.fr;;;Non précisé;https://fr-fr.facebook.com/HBROBURGERS;48.902201, 2.302474
9239;84396511200017;L'arganier;114 Rue Martre;;92110;Clichy;Non précisé;142700760;contact@larganier.paris;;;Non précisé;https://fr-fr.facebook.com/larganier.paris/;48.905705, 2.303915
9248;38899152300019;Le galichon;93 Rue Henri Barbusse;;92110;Clichy;Non précisé;;le-galichon@orange.fr;;;Non précisé;https://www.tripadvisor.fr/Restaurant_Review-g608772-d3676687-Reviews-Creperie_Le_Galichon-Clichy_Hauts_de_Seine_Ile_de_France.html;48.900625, 2.307337
9266;81224213900028;Marguerite;7 Rue Achille Adam;;92110;Clichy;Non précisé;142702553;jul.ribes@gmail.com;;;Non précisé;https://www.marguerite-clichy.fr/;48.901872, 2.315876
9277;82327224000024;Restaurant la cantine;27 Rue de Neuilly;;92110;Clichy;Non précisé;170161764;lacantine92@gmail.com;;;Non précisé;http://lacantine-clichy.fr/;48.900245, 2.298437
9278;81224213900010;Restaurant polette;115 Boulevard Victor Hugo;;92110;Clichy;Non précisé;147391075;jul.ribes@gmail.com;;;Non précisé;https://www.cafepolette.fr/;48.901753, 2.317341
9282;51373297400011;Traiteur bon appetit;2 Rue Madame de Sanzillon;;92110;Clichy;Non précisé;147391586;yanglimei25888@icloud.com;;;Non précisé;;48.903173, 2.313523
9283;82856465800015;Vendredi clichy;43 Rue Villeneuve;;92110;Clichy;Non précisé;147316680;bonjour@cafepolette.fr;;;Non précisé;https://www.vendredi-clichy.fr/;48.904945, 2.308867
9110;62203995600025;La table des Oliviers;4 rue de l'Eglise;;92200;Neuilly-sur-Seine;Non précisé;147457211;;;;Non précisé;https://www.latabledesoliviers.fr/;48.8850214, 2.2631519
9112;;The Heavenway;33 avenue du Roule;;92200;Neuilly-sur-Seine;Non précisé;146242470;;;;Non précisé;https://www.facebook.com/The-Heavenway-restaurant-bar--113215013692483/;48.8817869, 2.2798068
48;45377356600014;Il Primo Bacio;3 rue Montebello;;77300;Fontainebleau;Italien;160727436;ilprimobacio@yahoo.fr;Restaurant italien;12h-14h et 19h-22h30 tous les jours;Non;https://www.facebook.com/Il-Primo-Bacio-120773181310949/;48.404216, 2.701155
79;84920504200013;Camil 2;10 route nationale 19;;94440;Santeny;Restaurant;617585127;aubledesanges@gmail.com;cuisine française;De 6h30 à 20h30;Oui;;48.716195, 2.5728
38;52356053000017;Éden Crêpe;18 avenue Winston Churchill;;94370;Sucy-en-Brie;Crêperie;171572631;edencrrpe94@gmail.com;Crêperie gastronomique et saladerie;"Du mardi au samedi 
De 12.00 à 14.00
De 19.00 à 22.30
Fermé dimanche et lundi";Oui;https://edencrepe.eatbu.com/;48.770329, 2.522312
34;82942074400023;le Bel ordinaire rive gauche;5 rue de Bazeilles;;75005;Paris;Bistronomique;981117278;cyrille@lebelordinaire.com;Cuisine de marché et de saison, nous travaillons uniquement qu'avec des petits producteurs en circuit court. Menu qui change chaque semaine.;du mardi midi au dimanche midi, déjeuner de 12 à 14h30 et diner de 19h à 22h30;Oui;http://www.lebelordinaire.com/;48.839004, 2.350504
21;49129340300029;Les Tontons;39 rue de Montreuil;;75011;Paris;Bistrot;142725487;Les3uns@hotmail.fr;Cuisine française type bistrot;16h-00h;Non;https://www.facebook.com/lestontonsparis11;48.850506, 2.387419
26;81945172500025;Le Bossu;17 rue des Deux Ponts;;75004;Paris;Bistronomique;142392402;Lebossu4@gmail.com;Cuisine française;;Oui;https://www.lebossu.com/;48.851667, 2.356288
32;83102148100015;Pizza Presto maule;3 rue Saint Vincent;;78580;Maule;Pizzeria;134751014;Intermilan92@hotmail.fr;Nous sommes un restaurant qui propose des pizzas panini  salade et des brushettas;De 11h30 a 14h30 18h a 22h;Non;https://www.pizzapresto-maule.fr/;48.910431, 1.848991
25;88083314000028;Woodiz;14 rue Maurice Berteaux;;78600;Le Mesnil-le-Roi;Restaurant;185735855;woodizmesnilleroi@gmail.com;pizzeria au feu du bois;tous le dimanche du 11h jusqu'à 23h;Non précisé;https://www.woodiz.fr/;48.923567, 2.116792
90;34828932300027;Mira Roma;4 avenue Matlock;;95600;Eaubonne;Restaurant;139591633;hanna.wahba@wanadoo.fr;Restaurant italien - Pizzeria;;Oui;http://mira.roma.pagesperso-orange.fr/contact.html;48.993848, 2.274861
9231;52068205500022;La fratrie;159 Boulevard Victor Hugo;;92110;Clichy;Non précisé;984472323;tahir.kumcu@gmail.com;;;Non précisé;https://fr-fr.facebook.com/lafratrieclichy/;48.903639, 2.32017
9237;37798159200043;La terrasse;41 Rue Madame de Sanzillon;;92110;Clichy;Non précisé;147373346;wahiba.mettouchi@hotmail.fr;;;Non précisé;https://la-terrasse-clichy.eatbu.com/?lang=fr;48.903779, 2.317729
9238;42396957500020;Landy's bar;81 Boulevard du Général Leclerc;;92110;Clichy;Non précisé;145196876;landysbar@gmail.com;;;Non précisé;https://fr-fr.facebook.com/pages/category/Restaurant/Landys-bar-110500252685601/;48.906024, 2.309318
9240;42176918300037;L'atelier bistro;13 Rue Henri Barbusse;;92110;Clichy;Non précisé;147370955;cappuccitivf@free.fr;;;Non précisé;https://www.facebook.com/Latelierbistro92/;48.898127, 2.301584
9244;82056990300017;Le clippia;10 Place Francois Mitterrand;;92110;Clichy;Non précisé;147372667;leclippia@gmail.com;;;Non précisé;https://fr-fr.facebook.com/leclippia/;48.90344, 2.313
9245;48421895300012;Le colbert;12 bis Rue du Landy;;92110;Clichy;Non précisé;147373631;lypfy@hotmail.fr;;;Non précisé;https://www.tripadvisor.fr/Restaurant_Review-g608772-d14000825-Reviews-Le_Colbert-Clichy_Hauts_de_Seine_Ile_de_France.html;48.904521, 2.304273
9247;48185938700013;Le coq noir;92 Boulevard Victor Hugo;;92110;Clichy;Non précisé;147371156;contact@lecoqnoir.fr;;;Non précisé;https://www.lecoqnoir.fr/;48.90117, 2.316956
9249;53359087300014;Le miosca;16 Rue Jean Walter;;92110;Clichy;Non précisé;140871428;mioscabistro13@hotmail.fr;;;Non précisé;https://miosca.business.site/;48.910804, 2.310118
9256;48824742000018;Le rallye;5 Rue du Landy;;92110;Clichy;Non précisé;147372852;arianexu-92@yahoo.com;;;Non précisé;https://www.tripadvisor.fr/Restaurant_Review-g608772-d9710920-Reviews-Le_Rallye-Clichy_Hauts_de_Seine_Ile_de_France.html;48.904513, 2.303637
9106;44366636700018;Le Relais des Sablons;2 place du Marché;;92200;Neuilly-sur-Seine;Non précisé;146241933;;;;Non précisé;;48.880431, 2.2752733
9114;32379100400019;La Capricciosa;61 avenue du Roule;;92200;Neuilly-sur-Seine;Non précisé;147457080;rym.br[@]hotmail[.]com;;Lundi - vendredi 12h00-15h00  19h00-23h45 / Samedi - dimanche 12h00-23h45;Non précisé;https://www.la-cappricciosa-neuilly.fr/;48.8824617, 2.2767784
9018;40383663800011;Au vieux Marly;3 place du Général de gaulle, allée André Guillot;;78160;Marly-le-Roi;Non précisé;139585440;;;;Non précisé;https://auvieuxmarly.com/;48.867884, 2.096436
9025;52149563000019;L'étoile de Marly;170 Centre commercial des Grandes Terres;;78160;Marly-le-Roi;Non précisé;139162010;;;;Non précisé;http://www.etoiledemarly.fr/;48.880353, 2.100537
9030;83227651300013;Terrabière;13 rue Charles de Gaulle;;95170;Deuil-la-Barre;Non précisé;951554215;;;;Non précisé;https://www.brasserie-terrabiere.com/;48.975985, 2.327067
9046;52396559800015;Le Menec;1 Boulevard de Strasbourg;;94130;Nogent-sur-Marne;Non précisé;148736294;;;;Non précisé;https://www.creperie-nogent.fr/;48.835761, 2.473475
47;49059630100013;Le Mécano;10 rue Montebello;;77300;Fontainebleau;Restaurant;160720405;Yannick.billard@bowlingstadium.fr;Restaurant viande d exception travaille au four a charbon;17h 1h;Oui;http://www.le-mecano.com;48.404063, 2.701331
51;88051831100019;Chez Elemiah;10 rue des 3 Maillets;;77300;Fontainebleau;Salon de thé alternatif;981414765;Chezelemiah@gmail.com;Salon de thé alternatif proposant un plat à base végétarienne chaque jour et bientôt les brunchs le dimanche sur réservation dans une ambiance cosy girly ( bénéficie une terrasse en fond de cour pour plus de tranquillité);9-18h30;Oui;https://www.instagram.com/chezelemiah/;48.404681, 2.699399
55;44753153600021;Kashmir;9 rue de la Cloche;;77300;FONTAINEBLEAU;Restaurant;560725199;kashmir.fontainebleau@neuf.fr;INDIENNE;12h-14h30  et 19-22h;Oui;http://kashmir-fontainebleau.com/;48.407023, 2.702245
75;88403000800012;Les Jardins d'Affinity;17 rue du colonel Arnaud Beltrame;;77160;Provins;Restaurant;789069167;contact@lesjardinsdaffinity.fr;Carte saisonnière avec des plats autour de produits locaux ou régionaux type pors francilien, sirop de rose de Provins, etc...;11h30 à 14h30 et 19h30 à 22h30;Oui;https://lesjardinsdaffinity.fr/;48.558071, 3.305778
105;88116285300017;Paris Tartarin;Carrefour de la Patte d'Oie;;94370;Sucy-en-Brie;Restaurant;145949552;paristartarin@yahoo.com;Cuisine française;"Horaires du 21 juin au 8 août 2020 : 
lundi fermé, 
du mardi au jeudi 12h-14h30, 
vendredi et samedi 12h-14h30 / 19h-22h, 
dimanche 12h-15h";Non;https://paristartarinrestaurant.eatbu.com/;48.759356, 2.557613
8;80943434300012;Le Petit Pontoise;9 rue de pontoise;;75005;Paris;Bistrot;143292520;contact@lepetitpontoise.fr;Cuisine française traditionnelle. Produits de qualité de nos belles régions  en France. Cuisine Maison par des Maîtres restaurateurs;"lundi au dimanche
midi et soir
12h-14h30
18h30 - 22h30";Oui;http://www.lepetitpontoise.fr/;48.849903, 2.352112
37;49167049300015;L'Ami Pierre;5 rue de la Main d'Or;;75011;Paris;Bistrot;147001735;robingreiner93@gmail.com;Bistrot, bar à vin.;de 13 h à 22h;Non précisé;https://www.lamipierre.fr/;48.851543, 2.378266
69;50530661300017;Les Fous de l'Île;33 rue des Deux Ponts;;75004;Paris;Bistronomique;143257667;contact@lesfousdelile.com;Cuisine française bistronomique;"Ouvert 7j/7j
En semaine : 12h-15h // 18h-23h
Week-end : 12h-23h";Oui;https://www.lesfousdelile.com/;48.852207, 2.356763
93;49794096500013;L'Epicerie Italienne d'Emelyne;4 avenue Budenheim;;95600;Eaubonne;Epicerie Fine + Cave à vins;952379847;emelyne@epicerie-emelyne.fr;Les boutiques d'Emelyne - La passion des bons produits et du conseil;;Oui;http://www.epicerie-emelyne.fr/;48.991964, 2.275225
9201;81018442400010;Kikafaim;2 Rue Morice;;92110;Clichy;Non précisé;142703534;aupetitsolognot@yahoo.com;;;Non précisé;;48.900633, 2.308575
9208;84950329700012;Borough groupe;68 Rue de Neuilly;;92110;Clichy;Non précisé;;boroughclichy@gmail.com;;;Non précisé;https://borough.fr/;48.902396, 2.30323
9214;48834753500012;Casa milano;41 Rue d'Alsace;;92110;Clichy;Non précisé;147309053;theo500@yahoo.fr;;;Non précisé;https://www.casamilanoclichy.com/;48.903485, 2.310825
9219;47876005100019;Creperie du landy;3 Rue du Landy;;92110;Clichy;Non précisé;147371475;creperielandy@outlook.fr;;;Non précisé;https://creperiedulandy.eatbu.com/?lang=fr;48.904417, 2.303254
9251;50321370400011;Le napoli 2;18 Allée de l'Europe;;92110;Clichy;Non précisé;147371882;lenapoli102@gmail.com;;;Non précisé;https://fr-fr.facebook.com/lenapoli2/;48.911137, 2.310457
9253;81438848400010;Le petit gavroche;29 bis Rue des Cailloux;;92110;Clichy;Non précisé;147371414;auvrayjc@wanadoo.fr;;;Non précisé;https://fr-fr.facebook.com/pages/category/Brewery/Le-Petit-Gavroche-292338522417/;48.896838, 2.306825
9254;42384620300028;Le petit ploum;20 Rue Martre;;92110;Clichy;Non précisé;;m.mellas92@gmail.com;;;Non précisé;linternaute.com/restaurant/restaurant/200056/le-petit-ploum.shtml;48.898836, 2.310187
9260;83995138100012;Le syllon;75 Boulevard du Général Leclerc;;92110;Clichy;Non précisé;174548676;joseph.machene@gmail.com;;;Non précisé;https://lesyllon.eatbu.com/?lang=fr;48.905209, 2.310251
9262;83811985700020;Le wag;39 Rue Madame de Sanzillon;;92110;Clichy;Non précisé;179625719;saswagzy@gmail.com;;;Non précisé;https://fr-fr.facebook.com/lewagcomptoirresponsable/;48.903863, 2.317454
9280;41886660400014;Scaramouche;82 Boulevard Jean Jaurès;;92110;Clichy;Non précisé;147314739;aldricd@wanadoo.fr;;;Non précisé;https://website-1236022548031924582230-restaurant.business.site/;48.902923, 2.303953
9027;82948812100015;Rosso Pachino;Place de la Gare;;78160;Marly-le-Roi;Non précisé;954411285;;;;Non précisé;https://rosso-pachino.eatbu.com/;48.871098, 2.096241
9040;85395638100018;Chang Xin;54 rue des Héros Nogentais;;94130;Nogent-sur-Marne;Non précisé;143941278;;;;Non précisé;;48.838224, 2.486981
9045;49506710000026;Le Relais;7 avenue Georges Clemenceau;;94130;Nogent-sur-Marne;Non précisé;148730180;;;;Non précisé;https://www.facebook.com/La-Brasserie-Le-Relais-Nogent-Sur-Marne-340819930011643;48.835863, 2.472602
9115;44273863900016;Coffee Parisien;46 rue de Sablonville;;92200;Neuilly-sur-Seine;Non précisé;146371313;;;;Non précisé;https://www.coffeeparisien.fr/;48.88045, 2.277917
9128;33765583100010;Le Comptoir Loz;2 rue des Huissiers;;92200;Neuilly-sur-Seine;Non précisé;146245617;;;;Non précisé;http://le-comptoir-loz.fr/;48.8837827, 2.2655573
98;83829320700034;Churrasqueira Casquinhas;36 Avenue Alain Peyrefitte;;77160;Provins;Restaurant;164081906;hdbs94@gmail.com;Spécialités portugaises;De 10h30 à 15h30;Non;;48.563465, 3.300235
102;53792425000013;La Maison du Pressoir;34 Avenue Jean Jaurès;;91560;Crosne;Gastronomique;169064983;contact@lamaisondupressoir.fr;Cuisine de marché, produits frais de sélection;Ouvert du mercredi déjeuner au dimanche déjeuner de 12h à 13h30 et de 19h30 à 21h30. Fermé dimanche soir, lundi & mardi;Oui;http://www.lamaisondupressoir.fr/;48.714393, 2.461377
57;35325900500018;Restaurant Les Templiers;Rond-Point de l'Ordre des Chevaliers;Commanderie de la Villedieu;78990;Élancourt;Restaurant;130621789;restaurant@les-templiers.com;Cuisine française pétillante, tout est fait maison! La carte change très régulièrement et le chef vous propose ponctuellement ses suggestions (en ce moment Côte de bœuf maturée 14 jours).;"7j/7 le midi 
Vendredi et samedi soir";Oui;https://www.les-templiers.com/;48.793754, 1.968234
107;81302271200018;La Rotonde des Lin;7 place du 25 août 75014;;75014;Paris;Brasserie;145404020;Larotondedeslin@gmail.com;Cuisine traditionnelle, grande variété de pizzas, couscous reconnus, dessert maison.;Service continu de 11h à 23h.;Oui;;48.822233, 2.325784
99;48770979200013;Restaurant Golf et Tennis du Haras de Jardy;50 Boulevard de Jardy;Domaine Départemental des Haras de Jardy;92420;Vaucresson;Restaurant;147013580;info@golftennisjardy.com;Cuisine française;8h - 21 h;Oui;http://www.golftennisjardy.com/;48.8307301, 2.1497758
71;84446949400026;Le Colvert Bistrot;54 rue Saint-André des Arts;;75006;Paris;Bistronomique;142037367;contact@lecolvertbistrot.com;Cuisine française bistronomique;Ouvert 7j/7j de 12h à 23h;Oui;https://lecolvertbistrot.com/;48.8535, 2.340117
36;83954426900013;Pleine Terre;15 rue de Bassano;;75016;Paris;Gastronomique;981767610;contact@restaurant-pleineterre.com;Cuisine française parfumée d'agrumes et d'épices par le chef Jimmy Desrivières;Dimanche 21 juin uniquement : de 17h à 22h;Non;https://www.restaurant-pleineterre.com/;48.869007, 2.297196
40;40383048200010;Restaurant Menelik;4 rue Sauffroy;;75017;Paris;Restaurant;146270082;menelik@wanadoo.fr;Spécialités éthiopiennes, saveurs d' Ethiopie;"Horaires d'ouvertures chaque dimanche du 21 juin au 23 août 2020 
Service continu de 12h à 23h";Non;https://www.menelikrestaurant.com;48.890705, 2.320475
54;802801100;Restaurant Le Cyril;3 place niepce;;95240;Cormeilles en parisis;Restaurant;130104233;paulhenri4@aol.com;Cuisine française;10h30 à 20h;Oui;https://lecyril95.eatbu.com/;48.956921, 2.196842
9202;82499905600024;Aubergin;77 Rue de Paris;;92110;Clichy;Non précisé;142709092;aubergin.clichy@gmail.com;;;Non précisé;https://www.aubergin-clichy.fr/;48.900458, 2.304193
9233;40535399600011;La grignotte;167 Boulevard Victor Hugo;;92110;Clichy;Non précisé;141402019;irene.huyngh@scadif.fr;;;Non précisé;;48.902792, 2.318681
9236;84185195900012;La rose du liban;51 Rue de Neuilly;;92110;Clichy;Non précisé;;laroseduliban@gmail.com;;;Non précisé;https://fr-fr.facebook.com/laroseduliban92/;48.90159, 2.301248
9242;35015731900020;Le cafe du theatre;26 Allées Léon Gambetta;;92110;Clichy;Non précisé;147371288;elisabeth-93@live.fr;;;Non précisé;https://www.tripadvisor.fr/Restaurant_Review-g187147-d6690412-Reviews-Le_Cafe_du_Theatre-Paris_Ile_de_France.html;48.902511, 2.310235
9246;82949440000023;Le comptoir de la crepe;9 Rue Victor Méric;;92110;Clichy;Non précisé;651231200;s.hayatoun@gmail.com;;;Non précisé;https://fr-fr.facebook.com/lecomptoir2lacrepe/;48.901024, 2.304907
9259;81325599900019;Le stendhal;57 Boulevard Victor Hugo;;92110;Clichy;Non précisé;142700901;stendhal3@orange.fr;;;Non précisé;https://fr-fr.facebook.com/lestendhalclichy/;48.898979, 2.312891
9263;49891079300013;Les arcades du liban;89 Rue Henri Barbusse;;92110;Clichy;Non précisé;147395525;bob.dagher@hotmail.fr;;;Non précisé;https://fr-fr.facebook.com/arcadesduliban/?rf=186137584756464;48.90049, 2.307048
9264;88017472700011;Les bauffriers de l’espace;4 Rue Georges Boisseau;;92110;Clichy;Non précisé;950214705;clichy@sucretsale.fr;;;Non précisé;;48.903118, 2.318356
9268;50513597000018;O moka;30 Rue Martre;;92110;Clichy;Non précisé;147377031;o.moka92@yahoo.fr;;;Non précisé;https://fr-fr.facebook.com/pages/Caf%C3%A9-Le-Moka-Clichy/591062470970167;48.899526, 2.309417
9274;52165640500029;Plan a;49 Rue de Neuilly;;92110;Clichy;Non précisé;619550141;axelle.denis@hotmail.com;;;Non précisé;https://brasserie-plan-a.business.site/;48.901447, 2.300923
9284;82448379600028;Viasette;7 Rue Charles et René Auffray;;92110;Clichy;Non précisé;142705316;haoucheyas@icloud.com;;;Non précisé;http://viasette.fr/;48.901946, 2.303793
9107;80349854200015;Café du Marché;10 place du Marché;;92200;Neuilly-sur-Seine;Non précisé;146242960;;;;Non précisé;https://www.facebook.com/Café-du-Marché-1566703253596086/;48.8805829, 2.2762766
9109;;Romantica Caffé;34 rue Perronet;;92200;Neuilly-sur-Seine;Non précisé;146371322;;;Tous les jours de 12H à 14h30 et  19h à 22H30 – Le vendredi soir et le samedi soir de 19h à 23h;Non précisé;http://romanticacaffe.fr/restaurant/romantica-caffe-neuilly/;48.88452, 2.278172
9119;80049347000028;Neuilly's;14 rue de Longchamp;;92200;Neuilly-sur-Seine;Non précisé;147220004;;;Du lundi au vendredi 12h - 14h et 19h - 21h30, samedi  19h - 21h30, fermé le dimanche;Non précisé;https://www.neuillys.fr/;48.8843274, 2.2577686
9123;83477753400019;Nouvelle étoile;9 rue Charcot;;92200;Neuilly-sur-Seine;Non précisé;146243385;;;;Non précisé;;48.8841667, 2.2583333
9124;81886380500029;Restaurant Mona;38 rue des Poissonniers;;92200;Neuilly-sur-Seine;Non précisé;612444639;;;;Non précisé;https://www.facebook.com/Mona-restaurant-92200-384584372162167/;48.8854496, 2.2628883
9129;44024124800010;Le M;17 rue Garnier;;92200;Neuilly-sur-Seine;Non précisé;146249355;;;;Non précisé;https://www.facebook.com/pages/category/Restaurant/Le-M-626634794142987/;48.8863292, 2.2593105
9042;38274832500018;Palais Royal;5 Avenue de Joinville;;94130;Nogent-sur-Marne;Non précisé;148732340;;;;Non précisé;https://www.facebook.com/PalaisRoyaldeNogent;48.834386, 2.472954
108;43163672900011;Restaurant du Golf de Marivaux;Rue du Rouget;;91640;Janvry;Restaurant;164908292;commercial@golfmarivaux.com;Cuisine Française Maison à base de produit frais, lieu convivial et aéré.;12h - 15h30;Oui;https://www.golfmarivaux.com/;48.622592, 2.159818
97;38531354900011;Pizzeria Vanessa;84 Avenue du Général Leclerc;;77330;Ozoir-la-Ferrière;Restaurant;160025677;alessandro_labate@hotmail.fr;Spécialités italiennes;De 12h à 14h;Oui;http://www.restaurant-italien-vanessa.fr/;48.774013, 2.677176
30;79136034000024;Ô BISTROT;19 rue du Pont de Créteil;;94100;Saint-Maur-des-Fossés;Bistrot;143979844;obistrot.saintmaur@gmail.com;Cuisine française, Cuisine maison, végétarien;12h à 15h;Oui;https://www.obistrot-saintmaur.fr/;48.80808, 2.471328
11;82450605900016;Au p’tit Creux;Boulevard Blaise Pascal;;77420;Champs-sur-Marne;Sandwicherie;608125427;contact@auptitcreux.eu;Burger et sandwichs chauds, friterie;Du Lundi au Vendredi de 10h30 à 14h15;Oui;http://www.auptitcreux.eu/;48.840622, 2.585693
17;50530661300017;Les Fous de l’île;33 rue des Deux Ponts;;75004;Paris;Bistronomique;143257667;caroline@lesfousdelile.com;"Cuisine Française, ouvert toute la journée de 12h00 à 23h00.
Super rapport qualité/prix";10h00-23h00 en continue;Oui;https://www.lesfousdelile.com/;48.852207, 2.356763
35;44760846400023;Le Mesturet;77 rue de Richelieu;;75002;Paris;Bistrot;142974068;contact@lemesturet.com;Cuisine traditionnelle française;le dimanche 21 juin de 16h à 22h : FÊTE  DE LA MUSIQUE.;Oui;https://www.lemesturet.com/;48.869, 2.338492
52;85004409000015;Mama Coossa;62 boulevard Carnot;;78420;Carrières-sur-Seine;Restaurant;139688923;bonjour@mamacoossa.fr;"Cuisine fusion. Sur une base de cuisine traditionnelle, nous vous faisons participer à nos voyages...
Les dimanches sont réservés au brunch. 
Nos produits sont principalement bio... et gourmands !";Le restaurant est ouvert entre 10h30 et 15h les dimanches;Oui;https://www.mamacoossa.fr/;48.909506, 2.178398
60;43861410900017;Le Palais Du Maroc;9 rue st Vincent;;78580;Maule;Restaurant;134758555;Gaga1998@Hotmail.fr;Cuisine  marocaine;"11h3o à 14h
18h30 à 22h";Oui;;48.91082, 1.848813
66;87854447700010;Traiteur du Soleil;83 rue Jean Bart;;95240;Cormeilles-en-Parisis;Restaurant;785853232;contact@traiteurdusoleil.com;Cuisine du Liban;Dimanche 5 Juillet de 12h à 15h;Oui;;48.964635, 2.19978
89;31200935000041;Brasserie de l'Hôtel de Ville;2 Avenue Jeanne d'Arc;;95600;Eaubonne;Bistronomique;139597881;bhv.dodeman@outlook.fr;Cuisine maison de produits frais;;Oui;http://ohlàlàrestaurant.com/;48.990728, 2.277831
9204;53961545000027;Aux multiples saveurs;11 Boulevard du Général Leclerc;;92110;Clichy;Non précisé;147392002;nicole_jamil@hotmail.fr;;;Non précisé;https://fr-fr.facebook.com/pages/category/Caterer/Aux-Multiples-Saveurs-Sp%C3%A9-libanaises-1756040927959193/;48.900006, 2.317661
9207;33820920800044;Bistrot du marche;47 Rue Klock;;92110;Clichy;Non précisé;146880394;mcirdimohamed92@gmail.com;;;Non précisé;https://fr-fr.facebook.com/pages/category/Bar/Bistrot-Du-March%C3%A9-Clichy-1019055041619669/;48.901834, 2.314943
9215;87799067100019;Chez francois;21 Rue de Paris;;92110;Clichy;Non précisé;659203779;salyclichy@gamil.com;;;Non précisé;https://chezfrancois.vivezclichy.fr/;48.897625, 2.307209
9226;50858306900010;Kaneda;92 Boulevard Victor Hugo;;92110;Clichy;Non précisé;147303659;88289002@qq.com;;;Non précisé;https://kaneda.eatbu.com/?lang=fr;48.90117, 2.316956
9228;50759945400026;Kawasaki;8 Rue Madame de Sanzillon;;92110;Clichy;Non précisé;147399563;liweiren@icloud.com;;;Non précisé;http://kawasakiclichy.fr/;48.903246, 2.314389
9235;52933620800010;La romantica;73 Boulevard Jean Jaurès;;92110;Clichy;Non précisé;147372971;laromantica@wanadoo.fr;;;Non précisé;http://laromantica.fr/;48.901568, 2.304818
9255;38005046800020;Le poete;1 Rue Dagobert;;92110;Clichy;Non précisé;149688446;mouloudpoete@gmail.com;;;Non précisé;https://www.linternaute.com/restaurant/restaurant/200046/le-poete.shtml;48.901802, 2.306318
9271;82938872700010;Piaf;31 Boulevard Jean Jaurès;;92110;Clichy;Non précisé;981412060;sophie.llosa@live.fr;;;Non précisé;http://restopiaf.fr/;48.898675, 2.307177
9272;39990889600018;Pizza tivoli;54 Boulevard du Général Leclerc;;92110;Clichy;Non précisé;147318656;pizzativoli@hotmail.fr;;;Non précisé;http://tivoli92.com/;48.90283, 2.313525
9102;42505789000054;Le bouquet;155 avenue Charles de Gaulle;;92200;Neuilly-sur-Seine;Non précisé;146248912;;;Du lundi au vendredi de 7 à 22 heures;Non précisé;https://www.lebouquet.fr/;48.8830556, 2.2647222
9105;40240251500017;La coupole d'or;180 avenue Charles de Gaulle;;92200;Neuilly-sur-Seine;Non précisé;146249104;;;;Non précisé;;48.8856792, 2.2588457
9122;51413227300012;Nico Traiteur;6 rue Charcot;;92200;Neuilly-sur-Seine;Non précisé;146372566;;;Du mardi au samedi de 10h00 à 14h30 et de 18h30 à 22h00;Non précisé;https://www.nico-traiteur.fr/;48.8843176, 2.2581996
9031;83076225800010;Pizza Del Popolo;Place des Victimes du V2;;95170;Deuil-la-Barre;Non précisé;609072857;;;;Non précisé;https://pizzadelpopoloparis.fr/fr/etablissement/pizza-del-popolo-deuil-la-barre-deuil-la-barre-15665;48.975963, 2.326337
9039;52476330700013;Le Nogentais;Place Maurice Chevalier;;94130;Nogent-sur-Marne;Non précisé;148757823;;;;Non précisé;https://www.facebook.com/pages/category/Restaurant/Le-Nogentais-426922331054336/;48.83737, 2.485309
22;84080888400016;O Ptit Parisien;15 cours Blaise Pascal;;91000;Évry;Brasserie;160777193;Llppevry@gmail.com;Traditionnelle;6h 23h;Oui;https://www.optitparisien.fr/;48.62704, 2.430528
16;50446578200010;La Belle Époque;14 Grande Rue;;91260;Juvisy-sur-Orge;Restaurant;169211422;labelleepoque91260@gmail.com;cuisine française;9h - 22h;Oui;https://www.labelleepoque91260.com/;48.687963, 2.377232
64;50005830000020;Speed Rabbit Pizza Longjumeau;129 rue du Président François Mitterrand;;91160;Longjumeau;Restaurant;169096909;cdr91@orange.fr;Pizzeria;11h à 14h30 et de  18h à 22h30 et 23h vendredi et samedi;Oui;https://longjumeau.speedrabbitpizza.com/;48.693596, 2.293326
65;50140559100014;Pizza Maestro;114 rue du Président Francois Mitterrand;;91160;Longjumeau;Restaurant;169091313;pizzamaestro.longjumeau@gmail.com;Restaurant italien;11h à 23h;Oui;https://www.pizza-maestro.net/;48.694276, 2.293715
96;53279028400014;XL Pizza;rue du petit parc;;77150;Lésigny;Restaurant;160023215;"pierreverger6@gmail;com";Pizza faites maisons à base de produits frais;De 10h à 14h et de 17h  à 22h;Oui;https://xlpizza77.wixsite.com/xlpizza;48.74708, 2.615314
62;538747981;Le Val de Beauté;1 avenue du Val de beauté;;94130;Nogent-sur-Marne;Restaurant;148759717;daniela.communication@gmail.com;Française;"12h/15h
19h/22h30";Oui;https://levaldebeaute.com/;48.832485, 2.477259
12;30430551900015;Les Cèdres du Liban;5 avenue du Maine;;75015;Paris;International;142223518;lescedresduliban1@gmail.com;Le plus ancien Restaurant Libanais de Paris et le premier restaurant Maitre Restaurateurs en France;tous les jours de 12h à 14h30 et de 19h à 22h30;Oui;https://www.lescedresduliban.com/;48.844508, 2.320313
24;85238471800015;L’Épicerie Cantine;43 rue de Montreuil;;75011;Paris;Restaurant;984152365;laboutiquecantine@gmail.com;"Produits locaux et de saison 
Fait maison";"Ouvert tous les jours du mercredi au Lundi de 11h à 23h
Fermé le mardi";Oui;https://lepicerie-cantine.fr/;48.8505, 2.387998
5;80867889000019;Ambassade d'Auvergne;22 rue du du Grenier-Saint-Lazare;;75003;Paris;Gastronomique;142723122;inof@ambassade-auvergne.com;tous les produits d'Auvergne, de saison, cuisine maison;"12h à 14h30
19h à 21h30";Oui;https://ambassade-auvergne.fr/fr/;48.863025, 2.353376
45;83292597800013;Thé l'Artiste;1 rue Saint Vincent;;78580;Maule;Salon de thé - Petite restauration;685525985;mylene_skalski@yahoo.fr;Salon de thé, pause salée ou sucrée;Dimanche : 15h30 - 19h;Oui;http://thelartiste.com/;48.910379, 1.849018
68;49469815200019;TOYAMA;39 rue de Paris;;78600;Maisons Laffitte;Restaurant;139120190;contact@toyama.fr;traditionnelle japonaise à la carte et menu;de 12h à 14h30 et de 19h à 22h;Oui;https://www.toyama.fr/;48.945692, 2.151693
106;49794096500013;L'épicerie d'emelyne;1 avenue de Budenheim;;95600;Eaubonne;Épicerie fine et cave à vins;658133820;emelyne@epicerie-emelyne.fr;Gastronomie française & italienne, vins français bio & biodynamie;Du mardi au samedi : 9h30-13h et 14h30-19h, dimanche : 9h30-13h;Oui;http://www.epicerie-emelyne.fr/;48.991758, 2.274727
101;50887004500012;OKINAWA;30 avenue Voltaire;;95600;Eaubonne;Japonais;139591266;marie.sun.95@hotmail.fr;;;Non précisé;https://www.restaurant-okinawa.fr/pages/menus-la-carte-japonais.html;48.993442, 2.281405
33;85186437100014;Faim de Loup;3 place de la Forge;;95320;Saint-Leu-la-Forêt;Restaurant;139951785;nicolas.dolynny@orange.fr;Cuisine traditionnelle d'ici et d'ailleurs. Soirées tapas. Bar à vin.;A partir du dimanche 5 juillet: 18h-21h;Oui;https://www.restaurantfaimdeloup.fr;49.017262, 2.246377
9221;48379962300028;Elisa cafe;2 Rue Victor Méric;;92110;Clichy;Non précisé;147398606;melsais@hotmail.fr;;;Non précisé;https://fr-fr.facebook.com/pages/category/Coffee-Shop/LElisa-caf%C3%A9-227725337382990/;48.900636, 2.304317
9224;80239279500018;Green sur mesure;14 Rue Jean Walter;;92110;Clichy;Non précisé;142704510;rb.greenclichy@gmail.com;;;Non précisé;https://www.greensurmesure.fr/;48.910699, 2.310187
9229;83425712300028;Keskonboit;9 Place Francois Mitterrand;;92110;Clichy;Non précisé;672611086;sergio@keskonboit.fr;;;Non précisé;https://fr-fr.facebook.com/keskonboit/;48.903265, 2.312445
9230;49024854900019;La casa dpp;76 Boulevard Victor Hugo;;92110;Clichy;Non précisé;155902445;bilalilou92@gmail.com;;;Non précisé;https://la-casa-dpp-clichy.business.site/;48.900492, 2.31567
9243;82382457800020;Le cap vert;43 Rue de l'Avenir;;92110;Clichy;Non précisé;147375695;lecapvert92clichy@gmail.com;;;Non précisé;https://fr-fr.facebook.com/Lecapvert92clichy;48.904248, 2.301765
9257;37824041000019;Le reservoir;1 Rue Médéric;;92110;Clichy;Non précisé;;alissiamine@icloud.com;;;Non précisé;https://www.linternaute.com/restaurant/restaurant/200049/le-reservoir.shtml;48.903215, 2.30255
9258;50181876900017;Le sancerre;7 Rue Villeneuve;;92110;Clichy;Non précisé;147371065;sancerre92@hotmail.com;;;Non précisé;https://www.tripadvisor.fr/Restaurant_Review-g608772-d1325981-Reviews-Le_Sancerre-Clichy_Hauts_de_Seine_Ile_de_France.html;48.903112, 2.304639
9270;41130234200034;Perso & co;26 Rue de Paris;;92110;Clichy;Non précisé;147304149;contact@lesdelicesdefa.com;;;Non précisé;;48.898032, 2.306958
9279;82189258500018;Rooster grill;8 Rue des Frères Lumière;;92110;Clichy;Non précisé;687794237;maloulam@hotmail.fr;;;Non précisé;https://roosterasiangrill.eatbu.com/?lang=fr;48.9096, 2.30774
9281;80195490000016;Tasty sushi;43 Rue d'Alsace;;92110;Clichy;Non précisé;147390978;zhang-yi@hotmail.fr;;;Non précisé;https://www.tripadvisor.fr/Restaurant_Review-g608772-d6761682-Reviews-Tasty_Sushi-Clichy_Hauts_de_Seine_Ile_de_France.html;48.903546, 2.310755
9001;53139966500011;La Palmeraie;1 rue de la Liberté;;92140;Clamart;Non précisé;146321612;;;;Non précisé;;48.779216, 2.228253
9005;50946777500011;Pappasitos;26 Route du Pavé Blanc;;92140;Clamart;Non précisé;146301519;;;;Non précisé;http://www.pappasitos.fr/;48.782142, 2.238743
9021;43158371500013;le Gramophone;29 Grande Rue;;78160;Marly-le-Roi;Non précisé;139581842;contact@leparcmarly.com;;;Non précisé;https://www.legramophonemarly.fr/;48.866196, 2.09536
9022;;le Village grec;1bis Rue Guillaume Coustou;;78160;Marly-le-Roi;Non précisé;139690432;;;;Non précisé;https://le-village-grec.business.site/;48.867465, 2.093512
9023;48017514000015;le Village;3 Grande Rue;;78160;Marly-le-Roi;Non précisé;139162814;;;;Non précisé;http://restaurant-levillage.fr/;48.867339, 2.094088
9026;52276105500022;L'italian Cosy;6b Grande Rue;;78160;Marly-le-Roi;Non précisé;139588020;;;;Non précisé;https://www.facebook.com/Litalian-cosy-1422603011304059/;48.867046, 2.094324
9029;81042751800016;Le Palais oriental;20 rue Charles de Gaulle;;95170;Deuil-la-Barre;Non précisé;134288799;;;;Non précisé;https://le-palais-oriental.eatbu.com/;48.975742, 2.32654
9034;49326087100014;Du côté de chez Fred;152 Grande Rue Charles de Gaulle;;94130;Nogent-sur-Marne;Non précisé;666308314;;;;Non précisé;https://www.restaurant-ducotedechezfred-nogent.fr/;48.838067, 2.488991
9035;51866159000019;Zen;163 Grande Rue Charles de Gaulle;;94130;Nogent-sur-Marne;Non précisé;148722253;;;;Non précisé;;48.83828, 2.489101
81;49854755300020;Le Tassili;110 Rue François Mitterrand;;91160;Longjumeau;Restaurant;164481488;benamomo@hotmail.fr;sandwicherie;7/7 de 11h30 à 23h;Oui;;48.694445, 2.293842
63;85119717800011;Ô'cocher table & burger;45 rue de Babylone;;75007;Paris;Restaurant;147058500;soc.gaja@gmail.com;Cuisine Francaise et traditionnelle,   Burgers , Poke bowl , Salade;11h30 - 15h;Oui;;48.85166, 2.318552
23;51374293200017;Au Fulcosa;2 rue du Maréchal Foch;;78112;Saint-Germain-en-Laye;Restaurant;139211713;aufulcosa@orange.fr;"Cuisine française produits frais de saison 
Parking public gratuit";"ouvert du mardi midi au dimanche midi jusqu'au 17 juillet 2020 
12h/13h30   19h15/21h";Oui;https://www.aufulcosa.fr/;48.886605, 2.063518
73;85372614900018;Oz Thaï;36 Avenue d'Argenteuil;;92600;Asnières Sur Seine;Thaïlandais;147335116;sas.latsu@gmail.com;Cuisine thaïlandaise;"le midi de 12h à 14h30
le soir de 19h à 22h30";Oui;;48.911507, 2.285333
15;80371337900011;Le Maximilien;78 place André malraux;;78800;Houilles;Bistrot;139683512;Lemaximilienhouilles@gmail.com;Cuisine française;9h à 00h;Oui;https://www.facebook.com/LeMaximilien/;48.918824, 2.186418
91;49378585100020;Le Triskell;17 avenue Albert 1er;;95600;Eaubonne;Crêperie;134160134;kerevan@orange.fr;;;Oui;http://www.le-triskell.net/Eaubonne.html;48.992152, 2.280686
109;53173297200017;Le Passage populaire;1 bis passage Saint-Sébastien;;75011;Paris;Bistronomique;143550752;baraupassage@gmail.com;;De 12h30 à 22h le 2 août 2020;Non;https://www.restaurant-aupassage.fr/;48.861555, 2.368669
9203;83087853400015;Autour d’un verre;12 Rue Fernand Pelloutier;;92110;Clichy;Non précisé;142702051;lak2803@gmail.com;;;Non précisé;https://autourdunverre.eatbu.com/?lang=fr;48.90225, 2.30079
9205;;La grange;6 Rue Dagobert;;92110;Clichy;Non précisé;147373672;;;;Non précisé;;48.902375, 2.305777
9209;84275949000027;Bricktop clichy;33 bis Boulevard Jean Jaurès;;92110;Clichy;Non précisé;142702020;wayne@bricktoppizza,com;;;Non précisé;https://www.bricktoppizza.com/pizzeria-clichy;48.898741, 2.307124
9212;80768139000017;Cafe de la place;6 Place Francois Mitterrand;;92110;Clichy;Non précisé;146394912;tanafaya@hotmail.fr;;;Non précisé;https://cafe-de-la-place.eatbu.com/?lang=fr;48.903352, 2.313329
9213;83449709100019;Cantine populaire;21 Rue Henri Barbusse;;92110;Clichy;Non précisé;147393839;cantinepopulaire@gmail.com;;;Non précisé;https://fr-fr.facebook.com/cantinepopulaireparis/;48.898445, 2.302357
9217;80849122900023;Chez simonne;19 Boulevard Victor Hugo;;92110;Clichy;Non précisé;687024113;momonne@chezsimonne.com;;;Non précisé;https://chezsimonne.com/fr;48.897332, 2.310081
9222;83773001900010;Fete a crepes;136 Boulevard Jean Jaurès;;92110;Clichy;Non précisé;;facclichy@gmail.com;;;Non précisé;https://fete-a-crepe-clichy.business.site/;48.906943, 2.300771
9232;44015567900010;La gazelle d'or;64 Boulevard Victor Hugo;;92110;Clichy;Non précisé;172422301;loubna92230@hotmail.fr;;;Non précisé;https://www.facebook.com/pages/category/Moroccan-Restaurant/Restaurant-Marocain-La-Gazelle-Clichoise-654860441287107/;48.89977, 2.314514
9234;80782265500021;La marina;3 Rue Castérès;;92110;Clichy;Non précisé;;a.mouhala@gmail.com;;;Non précisé;https://lamarinaclichy.wixsite.com/lamarinaclichy;48.899031, 2.303247
9273;53466363800011;Place des fetes;4-6 Place des Martyrs de l'Occupation;;92110;Clichy;Non précisé;171055888;michaelbelissa@hotmail.com;;;Non précisé;https://fr-fr.facebook.com/pages/category/French-Restaurant/Place-des-F%C3%AAtes-533123490038144/;48.900519, 2.304299
9100;52520304800018;Le Passage;147 avenue Charles de Gaulle;;92200;Neuilly-sur-Seine;Non précisé;146240424;roux.dominique@hotmail.com;;Du Lundi au Samedi de 7h00 à  1h00;Non précisé;http://www.lepassage-neuilly.fr/;48.8827971, 2.2644636
9101;;Sam & So;149 avenue Charles de Gaulle;;92200;Neuilly-sur-Seine;Non précisé;628166032;;;Ouvert du lundi au vendredi :10 h - 19 h 30;Non précisé;https://www.samandso.fr/;48.8827624, 2.2654818
9103;51915125200029;Ashiana;205 avenue Charles de Gaulle;;92200;Neuilly-sur-Seine;Non précisé;146245243;;;Ouvert 7/7 Service de 12h00 à 14h30 et de 19h00 à 23h00;Non précisé;http://www.restaurantashiana.com/;48.8846841, 2.2595514
9125;45054562900039;Restaurant Ribote;17 rue Paul Chatrousse;;92200;Neuilly-sur-Seine;Non précisé;147477317;;;;Non précisé;https://www.facebook.com/Ribote-515884488547418/;48.886725, 2.2600504
9003;51528825600016;Le Marrakech;69 rue de la Porte de trivaux;;92140;Clamart;Non précisé;146312129;;;;Non précisé;;48.791246, 2.261597
9011;42087723500010;O' Marly;5 avenue de l'Amiral Lemonnier;;78160;Marly-le-Roi;Non précisé;175261453;;;;Non précisé;https://www.facebook.com/pages/category/Restaurant/Pub-Omarly-397607564173261/;48.879699, 2.101333
9012;53907861800011;Chez Richard;25 Grande Rue;;78160;Marly-le-Roi;Non précisé;139165280;;;;Non précisé;https://couscousduvieuxmarly.eatbu.com/;48.866524, 2.095073
78;79337174100026;La Terrasse fleurie;1 rue de Marolles;;94370;Sucy en Brie;Restaurant;145767167;contact@laterrassefleurie.net;franco italien;dimanche : 12h 14h30;Oui;https://www.laterrassefleurie.net/;48.760237, 2.552872
27;90640386400015;Le Ferrière;73 avenue du Général de Gaulle;;77330;Ozoir-la-Ferrière;Restaurant;160027477;leferriere@hotmail.fr;Cuisine française remise au goût du jour;ouvert tout les jours de 12h à 13h30 et de 19h30 à 21h30;Oui;https://leferriere.fr/;48.7624, 2.668227
13;33025555500014;Les Vignes du Liban;291 rue de Vaugirard;;75015;Paris;International;142508730;lesvignesduliban@me.com;Le second établissement du plus ancien restraurant libanais de paris Les Cèdres du Liban Halal Fait maison;tout les jours 12h-14h30 et 19h-22h30;Oui;https://www.lesvignesduliban.fr/;48.839274, 2.300757
53;82884794700011;Dom Zébulon;31 boulevard Carnot;;78420;Carrières-sur-Seine;Bistronomique;139131667;Domzebulon78@gmail.com;Cuisine française maison, bar à vins, dégustation d'huître, planche à partager;"Dimanche 28/06 fermé
Dimanche 05/07 au dimanche 03/08 11h00- 14h00
Dimanche 10/08 au 23/08 fermé";Oui;https://domzebulon.heart-biz.com/;48.909787, 2.179631
103;80065249700010;Le Kavéri;5 quai Aulagnier;;92600;Asnieres-sur-Seine;Gastronomique;140861011;nguptakaveri@gmail.com;Gastronomie Indienne;De 12h à 14h30 et de 19h à 23h;Oui;https://kaveri.fr/;48.912157, 2.30123
59;82287346900016;Domino’s pizza - Velsa;1 rue Nelson Mandela;;95170;Deuil-la-Barre;Pizzeria;139100505;hicham345projet@hotmail.fr;Dominos pizza;"11h45 à 14h30 midi
18h00 à 22h30 soir";Oui;https://www.dominos.fr/;48.961983, 2.32544
39;45379795300016;L'Entracte;77 rue d'Ermont;Parking E. LECLERC;95390;Saint-Prix;Restaurant;134279866;lentracte-pizzeria@hotmail.fr;Pizzeria -couscous -grillades -salades;12 h/ 23 h;Oui;http://pizzeria-lentracte.com/;49.00344, 2.260074
6;33422736000016;Le Rohan;1 place d'Amboise;;95450;Vigny;Gastronomique;130392580;medicicatherine@yahoo.fr;Cuisine francaise;12 h à 14 h;Oui;https://www.lerohan.com/;49.077383, 1.927272
9200;;Ann et moty;60 Rue de Paris;;92110;Clichy;Non précisé;147392315;am.bistroresto@gmail.com;;;Non précisé;https://fr-fr.facebook.com/pages/category/Bar/Anne-Moty-260777258205591/;48.89996, 2.302724
9210;83226626600010;Cafe de l eglise;1 Rue du Landy;;92110;Clichy;Non précisé;171017995;aitarkoub.aa@gmail.com;;;Non précisé;https://cafedeleglise.eatbu.com/?lang=fr;48.904287, 2.303048
9220;80980494100015;Delizie italiane;5 Place du Marché;;92110;Clichy;Non précisé;982210215;luciano.godfrin@gmail.com;;;Non précisé;https://delizieitaliane.net/;48.902845, 2.303522
9227;51295652500012;Kaneman;5 Avenue Claude Debussy;;92110;Clichy;Non précisé;612395938;qujingfeng35@gmail.com;;;Non précisé;https://restaurant-kaneman.metro.rest/?lang=fr;48.909462, 2.30804
9250;49323951100014;Le napoli;102 Rue de Paris;;92110;Clichy;Non précisé;1473943939;lenapoli102@gmail.com;;;Non précisé;https://fr-fr.facebook.com/pages/category/Halal-Restaurant/Le-Napoli-149425998546523/;48.902451, 2.302316
9252;50021931600014;Le parc;61 Boulevard du Général Leclerc;;92110;Clichy;Non précisé;147372520;leparcclichy@gmail.com;;;Non précisé;https://fr-fr.facebook.com/leparcclichy/;48.903429, 2.312456
9261;;Le vesuve;5 Rue de Belfort;;92110;Clichy;Non précisé;147370666;pizzalevesuve@yahoo.fr;;;Non précisé;http://le-vesuve.zenchef.com/;48.902079, 2.316884
9269;52472649400015;Pane e vino;13 Rue Victor Méric;;92110;Clichy;Non précisé;147371086;georgeskanzan@hotmail.fr;;;Non précisé;https://www.panevino-92.fr/;48.901385, 2.305671
9275;32611899900043;Presto pizza;1 Rue du Landy;;92110;Clichy;Non précisé;147399030;staffy95@gmail.com;;;Non précisé;https://prestopizzaclichy.fr/;48.904287, 2.303048
9276;84430893200012;Qg;5 Rue de Paris;;92110;Clichy;Non précisé;953086283;ofatim92@hotmail.com;;;Non précisé;https://fr.restaurantguru.com/Chicha-QG-Clichy;48.896726, 2.308181
9287;88294308700016;Coco et thai;42 Rue Henri Barbusse;;92110;Clichy;Non précisé;950705805;minimake123@hotmail.com;;;Non précisé;https://minimake123.wixsite.com/mysite;48.8998586, 2.3038343
9008;52081637200012;Le Cottage;7 bis Grande Rue;;78160;Marly-le-Roi;Non précisé;139163489;cottagemarly@gmail.com;;;Non précisé;https://www.facebook.com/cottagedemarly/;48.86717, 2.094347
9009;80048406500019;Le Bistro A Burger;23 Grande Rue;;78160;Marly-le-Roi;Non précisé;771880044;;;;Non précisé;https://www.bistroaburger.fr/;48.866607, 2.094991
9013;83424095400018;Le Paradis;18 Grande Rue;;78160;Marly-le-Roi;Non précisé;954407318;;;;Non précisé;https://www.facebook.com/leparadisdemarly/;48.866624, 2.094832
9014;;Sous l'olivier;25 bis Grande Rue;;78160;Marly-le-Roi;Non précisé;139164322;;;;Non précisé;https://www.thefork.fr/restaurant/sous-l-olivier-r408199;48.86641, 2.095132
9015;80116257900024;le Narval;36 Grande Rue;;78160;Marly-le-Roi;Non précisé;951281793;;;;Non précisé;https://lenarval.fr/;48.86593, 2.095506
9016;88168098700016;Chai Valentin;16 Grande Rue;;78160;Marly-le-Roi;Non précisé;170460284;;;;Non précisé;;48.866738, 2.09468
9036;81359721800011;Le 175;175 Grande Rue Charles de Gaulle;;94130;Nogent-sur-Marne;Non précisé;769544433;;;;Non précisé;https://website-175-churrasqueira-marisqueira-restaurant.eatbu.com/;48.838464, 2.493154
9104;75175648700011;La Grange;160 avenue Charles de Gaulle;;92200;Neuilly-sur-Seine;Non précisé;147382416;;;;Non précisé;https://www.facebook.com/VERO1780/;48.8847172, 2.2595685
9116;82327823900012;Fratelli;52 rue de Sablonville;;92200;Neuilly-sur-Seine;Non précisé;146246213;;;;Non précisé;https://www.facebook.com/restaurantfratellineuilly/;48.8804472, 2.277425
9120;;La pizzeria In paradisio;204 boulevard Bineau;;92200;Neuilly-sur-Seine;Non précisé;147381851;;;;Non précisé;http://inparadiso.fr/;48.8945797, 2.2669085
19;47903891100018;La Taverne;23 rue Grande;;77300;Fontainebleau;Brasserie;164222085;la.tavernefontainebleau@orange.fr;Restauration traditionnelle française, pizzas, salades gourmandes, burgers, pièce du boucher, produits de la mer, vegan;6h30...1h00;Oui;http://latavernefontainebleau.com/;48.404633, 2.700766
86;44201245600012;Le Clos Saint Jacques;12 avenue du Général de Gaulle;;77160;Provins;Restaurant;164000110;hotelclos@hotmail.fr;Couscous, grillades, salades.;De 11h à 14h30 et de 19h à 22h;Oui;https://le-clos-saint-jacques-provins.eatbu.com/;48.559344, 3.28712
10;44415350600019;Villa Marinette;20 avenue du Général de Gaulle;;78125;Gazeran;Gastronomique;134831901;villamarinette@wanadoo.fr;En pleine nature, à 4km de Rambouillet, dans un décor chaleureux et raffiné, venez découvrir une cuisine créative, aromatique et savoureuse. A la belle saison sur la terrasse du grand jardin clos situé à l’orée de la forêt de Rambouillet, la table dressée avec élégance vous attend.;Service du midi, sur réservation arrivée entre 12h et 13h30.;Oui;https://www.villamarinette.fr/;48.638708, 1.771713
28;80917210900013;Le 8 Restaurant;8 avenue du Général Leclerc;;77330;Ozoir-la-Ferrière;Restaurant;160649806;leferriere@hotmail.fr;;du mardi au samedi de 12h à 13h30 et de 19h à 21h15;Oui;https://le8-ozoir.fr/;48.763284, 2.672423
9;38313852600025;Auberge du Manet;61 avenue du Manet;;78180;Montigny-le-Bretonneux;Gastronomique;130648900;mail@aubergedumanet.com;provencale;Tous les jours de 12h à 14h et de 19h a 22h;Oui;http://www.aubergedumanet.com/;48.764244, 2.020869
84;82282687100011;La Colombière;81 avenue du Général de Gaulle;;94500;Champigny-sur-Marne;Restaurant;147065125;lacolombiere94@gmail.com;Cuisine française (biologie et raisonnée) produits frais de culture et élevages raisonnes;ouvert tous les jours;Oui;https://www.lacolombiere.net/;48.822557, 2.492384
56;84540122300019;Printemps;2 place de l'Ancien Marché;;94130;Nogent-sur-Marne;Restaurant;623010419;lilepeng888@hotmail.com;Cuisine asiatique;De 11h à 22h;Oui;;48.837629, 2.487216
58;84330234000016;Fémèzon;9 rue d’Ariane;;77700;Chessy;Gastronomique;970913864;femezon@gmail.com;Restaurant semi-gastronomique et traiteur;"De 12h à 14h et de 19h à 22h
Du mardi au vendredi
Le samedi de 19h à 22h30";Oui;https://www.femezon.fr/;48.857525, 2.771991
7;43134826700037;LAVINIA;3 boulevard de la Madeleine;;75001;Paris;Bistronomique;142972027;restaurantlaviniamadeleine@lavinia.com;"PASSION DU VIN – Avis aux œnologues et amateurs de bons vins ! Restaurant et bar à vins, LAVINIA boulevard de la Madeleine est un lieu de rencontre, de découverte et de plaisir, qui propose 180 vins au verre et offre la possibilité exceptionnelle de déguster les quelque 6 500 références du monde entier (prix magasin sans majoration !).

LA CUISINE – Le chef Étienne Berg sublime les produits frais, et notamment les produits de la mer. La carte évolue en fonction des arrivages du jour, sa cuisine se veut simple, légère, et subtile. En soirée, on profite des tapas à partager.

BEL ACCORD - Entièrement voué au service du vin, LAVINIA décline presque à l’infini les accords mets et vins, des plus classiques aux plus surprenants. L’équipe, à l’écoute des clients, saura vous conseiller.";Du lundi au samedi sans interruption de 12 à 15h au format restaurant, puis de 15h à 22h au format bar à vins & tapas;Oui;https://www.lavinia.fr/fr/pages/restaurants-madeleine-cnit;48.869655, 2.327487
74;809745276;Aldêa;11 rue Pierre Brossolette;;92600;Asnières-sur-Seine;Restaurant;981802878;dbdavid.adf@gmail.com;Cuisine portugaise;de 10h à 16h;Oui;;48.91087, 2.291341
100;88252080200019;Pokawa;15 rue Eugénie Eboué;;92600;Asnières-sur-Seine;Restaurant;952697429;Pokawa-asnieres@eneo-holding.com;Spécialité : Des pokebowls -> fresh food from Hawaï;Du lundi au dimanche, de 11h30 à 14h30 et de 18h30 à 22h30;Oui;https://www.pokawa.com/;48.918253, 2.317125
72;83227651300013;Terrabière;13 rue Charles de Gaulle;;95170;Deuil-La Barre;Bar à bières, planches apéritives;951554215;contact@brasserie-terrabiere.com;"Bières artisanales, 100% naturelles,
Mention ""Nature et progrès"" et label "" Produit en Ile-de-France"",
Planches apéritives, bio. Sélection de produits vegan et végétalien.";"Mercredi, jeudi, vendredi : 17h/21
Samedi : 11h30/21h
Dimanche : voir les festivités de la ville de Deuil-La Barre";Oui;https://www.brasserie-terrabiere.com/;48.975971, 2.32687
92;79298342100027;La Dolce Vita;14 avenue Albert 1er;;95600;Eaubonne;Restaurant;134127525;rougetsebastien@yahoo.fr;Cuisine italienne, pizzeria;;Oui;https://www.ladolcevita-eaubonne.fr/;48.99241, 2.28059
9108;82840149700023;Durand Dupont;14 place du Marché;;92200;Neuilly-sur-Seine;Non précisé;141929300;;;Tous les jours de 07h45 à 01h00;Non précisé;https://www.leduranddupont.com/;48.8808016, 2.2757319
9117;;Restaurant Zaïka;13 rue de Longchamp;;92200;Neuilly-sur-Seine;Non précisé;187099391;;;;Non précisé;https://www.facebook.com/zaikaparis/;48.884045, 2.2577588
9121;;Le nouveau Paris;204 boulevard Bineau;;92200;Neuilly-sur-Seine;Non précisé;146246612;;;6h30 à 22h00 sans interruption, du lundi au vendredi;Non précisé;http://www.lenouveauparis.fr/;48.89458, 2.266909
9127;53212294200024;Le bistrot du parc;15 boulevard Jean Mermoz;;92200;Neuilly-sur-Seine;Non précisé;147222727;;;;Non précisé;https://www.facebook.com/BdP.neuilly/;48.8858041, 2.2688318
9007;83816956300023;La Brasserie de l’Hôtel de Ville;3 Place Maurice Gunsbourg;;92140;Clamart;Non précisé;146420061;;;;Non précisé;https://www.facebook.com/bhvclamart/;48.800313, 2.262675
9017;50382037500015;Vishnu Bhavan;18 Grande Rue;;78160;Marly-le-Roi;Non précisé;139161105;;;;Non précisé;https://www.facebook.com/vishnubhavanmarly/;48.866624, 2.094833
9037;84540122300019;Printemps;2 place l'Ancien Marché;;94130;Nogent-sur-Marne;Non précisé;148775898;;;;Non précisé;;48.837837, 2.487196
9044;84125735500013;Maison Baltard;8 avenue de Joinville;;94130;Nogent-sur-Marne;Non précisé;180919265;contact@maisonbaltard.com;;;Non précisé;https://www.maisonbaltard.com/;48.833918, 2.471779
9241;50750222700014;Le bistrot d'helene;5 Rue de Neuilly;;92110;Clichy;Non précisé;147312200;bidoyenhelene@gmail.com;;;Non précisé;;48.899108, 2.296421
9265;35126589700014;Les vendanges;65 Boulevard Jean Jaurès;;92110;Clichy;Non précisé;147371226;karim.smaani@laposte.net;;;Non précisé;https://fr-fr.facebook.com/pages/Les-Vendanges/149930098379008;48.901069, 2.305311
9267;80048434700011;Nolita;29 Rue Henri Barbusse;;92110;Clichy;Non précisé;981024809;nolitacaffe@gmail.com;;;Non précisé;http://nolita-caffe.lafourchette.rest/;48.898834, 2.303297
